Reviews,Good_Features,Bad_features
"As someone who enjoys a wide variety of teas, I find this brand to be a standout for its diverse flavor offerings and commitment to using natural ingredients. Each flavor is unique and well-crafted, providing a refreshing alternative to the typical soda. The packaging is not only visually appealing but also practical, making it easy to store and transport. However, I've had some difficulty finding certain flavors in stores, which can be frustrating. The aftertaste is generally pleasant, although some flavors have a slightly bitter finish that I think could be improved upon. Despite these minor issues, it's a brand I regularly recommend to friends and family.","taste, packaging","availability, aftertaste"
"The taste is good, and the packaging is some of the best I've seen. It's a shame it's not more widely available.","taste, packaging",availability
"The variety keeps me coming back, and the ingredients feel healthier than other options. The aftertaste is a bit strong, though.","variety, ingredients",aftertaste
"The drink is usually easy to find, and the nutritional content is decent for a sweetened beverage.","availability, nutritional content",
"The drink leaves a bad aftertaste, and the lack of availability is a major downside. It's not something I'll be seeking out again.",,"aftertaste, availability"
"The packaging design is modern and appealing, but the drink itself doesn't always deliver on taste. I've also experienced some inconsistency with the product's quality.",packaging,"taste, consistency"
"While the price and packaging are positives, the taste has been a bit inconsistent lately. I'm also not thrilled about having to hunt for it at different stores.","price, packaging","taste, consistency, availability"
"The drink offers a decent variety, but I find the flavor to be a bit too mild. Additionally, the cans sometimes arrive dented, which is concerning.",variety ,"flavor, consistency"
I love the commitment to natural ingredients and the variety they offer.,"ingredients, variety",
"The price is great, but you get what you pay for with a taste that doesn't quite hit the mark and an aftertaste that's less than pleasant. The ingredients are a mixed bag, and the availability is inconsistent, which adds to the frustration.",price ,"taste, aftertaste, ingredients, availability"
"For the price, you can't beat the quality of this beverage. The taste is consistently good across the different flavors, and while the aftertaste is noticeable, it's actually quite pleasant and not overpowering. The packaging is sturdy and environmentally friendly, which is a huge plus for me.","price, consistency, taste, aftertaste, packaging",
"The diverse range of flavors keeps my taste buds excited, and the natural ingredients make me feel good about my drink choice. Even though it's not always in stock, the hunt makes it feel like a hidden gem. The packaging is not only stylish but also functional, making it easy to enjoy on the go.","variety, taste, packaging, ingredients",availability
"The packaging is visually appealing, and the ingredients are top-notch. Availability could be better.","packaging, ingredients",availability
"Refreshing taste, but I wish it was easier to find. The variety is good when you can get it.","taste, variety",availability
"I really wanted to like this tea, but the taste is just not for me. It's either too bland or too overpowering, depending on the flavor. I've tried several, hoping to find one that suits me, but I've been disappointed every time. I won't be buying this again.",,taste
,,
,,
